token,probability
 walk,0.16972531
 swim,0.1321076
 run,0.07447349
 hike,0.051884286
 jog,0.040395193
 drive,0.014345226
 long,0.014178206
 stroll,0.013317262
 ride,0.011630597
 day,0.009953188
